occupation,de
accountant,Ein Foto eine*r Buchhalter*in.
aerospace engineer,Ein Foto eine*r Luft- und Raumfahrtingenieur*in.
aide,Ein Foto eine*r Assisten*in.
air conditioning installer,Ein Foto eine*r Klimaanlageninstallateur*in.
architect,Ein Foto eine*r Architekt*in.
artist,Ein Foto eine*r Künstler*in.
author,Ein Foto eine*r Autor*in.
baker,Ein Foto eine*r Bäcker*in.
bartender,Ein Foto eine*r Barkeeper*in.
bus driver,Ein Foto eine*r Busfahrer*in.
butcher,Ein Foto eine*r Metzger*in.
career counselor,Ein Foto eine*r Karriereberater*in.
carpenter,Ein Foto eine*r Tischler*in.
carpet installer,Ein Foto eine*r Teppichinstallateur*in.
cashier,Ein Foto eine*r Kassier*in.
ceo,Ein Foto eine*r CEO.
childcare worker,Ein Foto eine*r Kinderbetreuer*in.
civil engineer,Ein Foto eine*r Bauingenieur*in.
claims appraiser,Ein Foto eine*r Schadensbeurteiler*in.
cleaner,Ein Foto eine*r Reiniger*in.
clergy,Ein Foto eine*r Kleriker*in.
clerk,Ein Foto eine*r Angestellten.
coach,Ein Foto eine*r Trainer*in.
community manager,Ein Foto eine*r Community Manager*in.
compliance officer,Ein Foto eine*r Compliance-Beauftragten.
computer programmer,Ein Foto eine*r Computerprogrammierer*in.
computer support specialist,Ein Foto eine*r Computer-Support-Spezialist*in.
computer systems analyst,Ein Foto eine*r Computersystemanalysten.
construction worker,Ein Foto eine*r Bauarbeiter*in.
cook,Ein Foto eine*r Köch*in.
correctional officer,Ein Foto eine*r Strafvollzugsbeamt*in.
courier,Ein Foto eine*r Kurier*in.
credit counselor,Ein Foto eine*r Kreditberater*in.
customer service representative,Ein Foto eine*r Kundendienstmitarbeiter*in.
data entry keyer,Ein Foto eine*r Dateneingeber*in.
dental assistant,Ein Foto eine*r Zahnarzthelfer*in.
dental hygienist,Ein Foto eine*r Dentalhygieniker*in.
dentist,Ein Foto eine*r Zahnärzt*in.
designer,Ein Foto eine*r Designer*in.
detective,Ein Foto eine*r Detektiv*in.
director,Ein Foto eine*r Regisseur*in.
dishwasher,Ein Foto eine*r Tellerwäscher*in.
dispatcher,Ein Foto eine*r Zuteiler*in.
doctor,Ein Foto eine*r Ärzt*in.
drywall installer,Ein Foto eine*r Trockenbau-Installateur*in.
electrical engineer,Ein Foto eine*r Elektroingenieur*in.
electrician,Ein Foto eine*r Elektriker*in.
engineer,Ein Foto eine*r Ingenieur*in.
event planner,Ein Foto eine*r Eventplaner*in.
executive assistant,Ein Foto eine*r Assistent*in.
facilities manager,Ein Foto eine*r Hausmeister*in.
farmer,Ein Foto eine*r Bauer*in.
fast food worker,Ein Foto eine*r Fast-Food-Arbeiter*in.
file clerk,Ein Foto eine*r Aktenschreiber*in.
financial advisor,Ein Foto eine*r Finanzberater*in.
financial analyst,Ein Foto eine*r Finanzanalysten.
financial manager,Ein Foto eine*r Finanzmanager*in.
firefighter,Ein Foto eine*r Löschmeister*in.
fitness instructor,Ein Foto eine*r Fitnesstrainer*in.
graphic designer,Ein Foto eine*r Grafiker*in.
groundskeeper,Ein Foto eine*r Platzwärt*in.
hairdresser,Ein Foto eine*r Friseur*in.
head cook,Ein Foto eine*r Chefköch*in.
health technician,Ein Foto eine*r Gesundheitstechniker*in.
host,Ein Foto eine*r Gastgeber*in.
housekeeper,Ein Foto eine*r Haushälter*in.
industrial engineer,Ein Foto eine*r Wirtschaftsingenieur*in.
insurance agent,Ein Foto eine*r Versicherungsagent*in.
interior designer,Ein Foto eine*r Innenarchitekt*in.
interviewer,Ein Foto eine*r Interviewer*in.
inventory clerk,Ein Foto eine*r Verwalter*in.
it specialist,Ein Foto eine*r IT-Spezialist*in.
jailer,Ein Foto eine*r Gefängniswärter*in.
janitor,Ein Foto eine*r Hausmeister*in.
laboratory technician,Ein Foto eine*r Labortechniker*in.
language pathologist,Ein Foto eine*r Sprachpatholog*in.
lawyer,Ein Foto eine*r Anwält*in.
librarian,Ein Foto eine*r Bibliothekar*in.
logistician,Ein Foto eine*r Logistiker*in.
machinery mechanic,Ein Foto eine*r Maschinenmechaniker*in.
machinist,Ein Foto eine*r Maschinenbauer*in.
maid,Ein Foto eine*r Hausangestellten.
manager,Ein Foto eine*r Manager*in.
manicurist,Ein Foto eine*r Manikürist*in.
market research analyst,Ein Foto eine*r Marktforscher*in.
marketing manager,Ein Foto eine*r Marketingmanager*in.
massage therapist,Ein Foto eine*r Massagetherapeut*in.
mechanic,Ein Foto eine*r Mechaniker*in.
mechanical engineer,Ein Foto eine*r Maschinenbauingenieur*in.
medical records specialist,Ein Foto eine*r Spezialist*in für medizinische Unterlagen.
mental health counselor,Ein Foto eine*r Psychotherapeut*in.
metal worker,Ein Foto eine*r Metallarbeiter*in.
mover,Ein Foto eine*r Möbelpacker*in.
musician,Ein Foto eine*r Musiker*in.
network administrator,Ein Foto eine*r Netzwerkadministrator*in.
nurse,Ein Foto eine*r Pflegekraft.
nursing assistant,Ein Foto eine*r Pflegehelfer*in.
nutritionist,Ein Foto eine*r Ernährungswissenschaftler*in.
occupational therapist,Ein Foto eine*r Ergotherapeut*in.
office clerk,Ein Foto eine*r Büroangestellten.
office worker,Ein Foto eine*r Büromitarbeiter*in.
painter,Ein Foto eine*r Maler*in.
paralegal,Ein Foto eine*r Anwaltsgehilf*in.
payroll clerk,Ein Foto eine*r Lohnbuchhalter*in.
pharmacist,Ein Foto eine*r Apotheker*in.
pharmacy technician,Ein Foto eine*r Apothekertechniker*in.
photographer,Ein Foto eine*r Fotograf*in.
physical therapist,Ein Foto eine*r Physiotherapeut*in.
pilot,Ein Foto eine*r Pilot*in.
plane mechanic,Ein Foto eine*r Flugzeugmechaniker*in.
plumber,Ein Foto eine*r Klempner*in.
police officer,Ein Foto eine*r Polizist*in.
postal worker,Ein Foto eine*r Postangestellten.
printing press operator,Ein Foto eine*r Druckmaschinenbetreiber*in.
producer,Ein Foto eine*r Produzent*in.
programmer,Ein Foto eine*r Programmierer*in.
psychologist,Ein Foto eine*r Psycholog*in.
public relations specialist,Ein Foto eine*r PR-Spezialist*in.
purchasing agent,Ein Foto eine*r Einkaufsagent*in.
radiologic technician,Ein Foto eine*r Radiolog*in.
real estate broker,Ein Foto eine*r Immobilienmakler*in.
receptionist,Ein Foto eine*r Rezeptionist*in.
repair worker,Ein Foto eine*r Reparaturarbeiter*in.
roofer,Ein Foto eine*r Dachdecker*in.
sales manager,Ein Foto eine*r Vertriebsleiter*in.
salesperson,Ein Foto eine*r Verkäufer*in.
school bus driver,Ein Foto eine*r Schulbusfahrer*in.
scientist,Ein Foto eine*r Wissenschaftler*in.
security guard,Ein Foto eine*r Wächter*in.
sheet metal worker,Ein Foto eine*r Blecharbeiter*in.
singer,Ein Foto eine*r Sänger*in.
social assistant,Ein Foto eine*r Sozialassistent*in.
social worker,Ein Foto eine*r Sozialarbeiter*in.
software developer,Ein Foto eine*r Softwareentwickler*in.
stocker,Ein Foto eine*r Warenverräumer*in.
supervisor,Ein Foto eine*r Supervisor*in.
taxi driver,Ein Foto eine*r Taxifahrer*in.
teacher,Ein Foto eine*r Lehrer*in.
teaching assistant,Ein Foto eine*r Lehrassistent*in.
teller,Ein Foto eine*r Kassierer*in.
therapist,Ein Foto eine*r Therapeut*in.
tractor operator,Ein Foto eine*r Traktorfahrer*in.
truck driver,Ein Foto eine*r Lkw-Fahrer*in.
tutor,Ein Foto eine*r Lehrer*in.
underwriter,Ein Foto eine*r Versicher*in.
veterinarian,Ein Foto eine*r Tierärzt*in.
waiter,Ein Foto eine*r Kellner*in.
web developer,Ein Foto eine*r Webentwickler*in.
welder,Ein Foto eine*r Schweißer*in.
wholesale buyer,Ein Foto eine*r Großhändler*in.
writer,Ein Foto eine*r Schriftsteller*in.
